{
    "camera_matrix": [
        [
            536.8645238423888,
            0.0,
            309.6769165036381
        ],
        [
            0.0,
            535.5431524053281,
            265.5479461467583
        ],
        [
            0.0,
            0.0,
            1.0
        ]
    ],
    "dist_coeff": [
        [
            -0.5122479146401969,
            0.3453607411264271,
            -0.00079286938118314,
            0.0013690685008893736,
            -0.15001098025385914
        ]
    ],
    "rvecs": [
        [
            [
                -0.27503999932764184
            ],
            [
                -0.5616520132302726
            ],
            [
                -0.24979738798694734
            ]
        ],
        [
            [
                -0.3027014208019081
            ],
            [
                -0.11684152580634491
            ],
            [
                -0.007163537983897683
            ]
        ],
        [
            [
                -0.06600334214410272
            ],
            [
                0.2466248759989934
            ],
            [
                0.004924896054570772
            ]
        ],
        [
            [
                -1.020452506412076
            ],
            [
                -0.4131185308179003
            ],
            [
                -0.3055313535568861
            ]
        ],
        [
            [
                -0.03402347410887662
            ],
            [
                0.12340055724011653
            ],
            [
                -0.1361592620927613
            ]
        ],
        [
            [
                0.4489944128384059
            ],
            [
                -0.015327730382020682
            ],
            [
                -0.2143724983438366
            ]
        ],
        [
            [
                -0.47425594886935946
            ],
            [
                -0.271571579652634
            ],
            [
                0.05895091412223043
            ]
        ],
        [
            [
                -0.21512842084221648
            ],
            [
                -0.31490377780242523
            ],
            [
                0.14262895250620744
            ]
        ],
        [
            [
                -0.11345131283833647
            ],
            [
                -0.19520925455523352
            ],
            [
                -0.2618684579599942
            ]
        ],
        [
            [
                -0.07013965989407003
            ],
            [
                0.15644711032894823
            ],
            [
                -0.039248338992074736
            ]
        ],
        [
            [
                -0.16443452242167256
            ],
            [
                1.4308408043584016
            ],
            [
                2.7453559842426736
            ]
        ],
        [
            [
                0.5710832476933441
            ],
            [
                -0.11181670746991161
            ],
            [
                -0.37793369479523437
            ]
        ],
        [
            [
                -0.7234114568044405
            ],
            [
                0.5435587560212368
            ],
            [
                -2.9148995163937523
            ]
        ],
        [
            [
                0.8242789187796089
            ],
            [
                -0.019345751683749055
            ],
            [
                -0.09557790238116497
            ]
        ],
        [
            [
                -0.36903521068144385
            ],
            [
                -0.5767907618093998
            ],
            [
                -0.13140273156521082
            ]
        ],
        [
            [
                -0.8162815375829894
            ],
            [
                0.3479345510093461
            ],
            [
                0.09203888689478601
            ]
        ],
        [
            [
                -0.22010551462127997
            ],
            [
                -0.36753494899747285
            ],
            [
                -0.12381994107934383
            ]
        ],
        [
            [
                0.40391239879114277
            ],
            [
                -0.5224436778680983
            ],
            [
                -0.1533911585518315
            ]
        ],
        [
            [
                -0.3255373368046139
            ],
            [
                0.4676234935322195
            ],
            [
                -0.07499098184787534
            ]
        ],
        [
            [
                0.06726735807956818
            ],
            [
                0.07309372690744322
            ],
            [
                -0.1407089964829531
            ]
        ],
        [
            [
                -0.03195497229202464
            ],
            [
                0.607770832898911
            ],
            [
                0.23137053196901278
            ]
        ],
        [
            [
                0.08910117857516336
            ],
            [
                0.06607058831112818
            ],
            [
                -0.2674450019930669
            ]
        ],
        [
            [
                -0.08466658153073604
            ],
            [
                -0.5914541398247051
            ],
            [
                -0.39324647288873077
            ]
        ],
        [
            [
                -0.02883336135158105
            ],
            [
                -0.033550010264776095
            ],
            [
                0.12620572234179922
            ]
        ],
        [
            [
                -0.3670552044785433
            ],
            [
                -0.7569652797212924
            ],
            [
                -0.3123587539674162
            ]
        ],
        [
            [
                -0.9133222463586816
            ],
            [
                -0.16651008682908744
            ],
            [
                -0.15582421432660723
            ]
        ],
        [
            [
                -0.9635029769188629
            ],
            [
                -0.15176940746313825
            ],
            [
                -0.05039163078081163
            ]
        ],
        [
            [
                -0.5722272276801599
            ],
            [
                -0.16208757538750257
            ],
            [
                0.013970468048651654
            ]
        ]
    ],